<?xml version="1.0" encoding="UTF-8"?>
<project-private xmlns="http://www.netbeans.org/ns/project-private/1">
    <editor-bookmarks xmlns="http://www.netbeans.org/ns/editor-bookmarks/2" lastBookmarkId="0"/>
    <open-files xmlns="http://www.netbeans.org/ns/projectui-open-files/2">
        <group>
            <file>file:/C:/Users/kiet.alang/Documents/NetBeansProjects/lVer/src/UI/Menu.java</file>
            <file>file:/C:/Users/kiet.alang/Documents/NetBeansProjects/lVer/src/lver/Main.java</file>
            <file>file:/C:/Users/kiet.alang/Documents/NetBeansProjects/lVer/src/commons/PriceList.java</file>
            <file>file:/C:/Users/kiet.alang/Documents/NetBeansProjects/lVer/src/UI/CategoryMenuItem.java</file>
            <file>file:/C:/Users/kiet.alang/Documents/NetBeansProjects/lVer/src/commons/UserManagement.java</file>
            <file>file:/C:/Users/kiet.alang/Documents/NetBeansProjects/lVer/src/commons/Record.java</file>
            <file>file:/C:/Users/kiet.alang/Documents/NetBeansProjects/lVer/src/UI/FunctionalMenuItem.java</file>
        </group>
    </open-files>
</project-private>
